date,symbol,named_event,n_bars,n_grid,has0930,y_open,y_high,y_low,y_close,y_ret,hf_open,hf_high,hf_low,hf_close,capture,high_bp_scalefree,low_bp_scalefree,zero_range_bars
2006-06-15,IWM,False,76.0,78.0,True,68.04000091552734,69.97000122070312,67.91000366210938,69.76000213623047,0.0342476692735933,56.26,57.84,56.15,57.73,0.9913452423551087,-11.015700287360097,-8.724499107883865,0.0
2006-06-29,IWM,False,76.0,78.0,True,68.80999755859375,71.25,68.80999755859375,71.25,0.0386297607117089,56.95,59.03,56.95,59.01,1.0292771419315974,3.389256058294876,-6.872235147933337,0.0
2006-07-24,IWM,False,75.0,78.0,True,67.26000213623047,68.91000366210938,67.25,68.87999725341797,0.0319100712122542,55.73,56.99,55.72,56.98,0.924837329614885,-2.600196797670762,15.88882542873371,0.0
2007-02-27,IWM,False,76.0,78.0,True,80.36000061035156,80.94000244140625,77.47000122070312,78.05000305175781,-0.0468921280560667,67.07,67.54,64.95,65.26,0.8926803837206212,-20.1572544841655,27.009987541199987,0.0
2007-08-03,IWM,False,75.0,78.0,True,78.01000213623047,78.20999908447266,74.95999908447266,75.3499984741211,-0.035581708396582,65.4,65.47,62.74,62.8,1.0078662216283703,43.92969819211112,42.42381925432692,0.0
2007-08-08,IWM,False,76.0,77.0,True,77.88999938964844,80.0999984741211,77.81999969482422,79.5199966430664,0.0300518107064127,65.14,67.1,65.14,66.06,1.0348067205441875,83.88295359466281,76.142786875526,0.0
2007-09-18,IWM,False,75.0,78.0,False,77.80999755859375,80.5999984741211,77.23999786376953,80.5199966430664,0.0425999371115841,64.97,67.48,64.68,67.47,0.9945158591031861,-8.445116608708503,-6.426841428008867,0.0
2007-10-19,IWM,False,73.0,78.0,True,81.91000366210938,82.12000274658203,79.0,79.08999633789062,-0.0357229995744393,68.76,68.81,66.44,66.55,0.9027486867010133,-41.90882633640092,-5.155813770071349,0.0
2007-11-01,IWM,False,73.0,78.0,True,81.37000274658203,81.4000015258789,79.0,79.13999938964844,-0.0386297414597259,68.32,68.33,66.34,66.62,0.9849926114336855,-28.08835301513102,-24.38246105955666,0.0
2007-11-07,IWM,False,73.0,78.0,True,78.9000015258789,79.12000274658203,77.16999816894531,77.4800033569336,-0.0310154546765202,66.18,66.42,64.77,64.82,1.0114138990796533,34.440953857364235,32.42706840255405,0.0
2007-11-13,IWM,False,75.0,78.0,True,77.18000030517578,78.73999786376953,77.12999725341797,78.5,0.031401910005022,64.76,66.08,64.74,65.82,0.9926371765123558,8.901480473046952,10.624194032184953,0.0
2007-11-28,IWM,False,78.0,78.0,True,74.91000366210938,76.88999938964844,74.86000061035156,76.87000274658203,0.0394862193217337,62.89,64.56,62.82,64.5,1.0215288899796784,6.699224429915773,1.0428420773078706,0.0
2007-12-11,IWM,False,78.0,78.0,True,79.27999877929688,79.58000183105469,76.25,76.3499984741211,-0.0348881571853928,66.6,66.83,64.03,64.05,1.002313218029243,10.537917005088993,9.987898384660188,0.0
2008-01-04,IWM,False,74.0,78.0,True,73.23999786376953,73.33000183105469,71.61000061035156,72.08999633789062,-0.0301359536927685,61.69,61.78,60.31,60.53,1.0178713938411925,33.91777231306348,30.439911953890064,0.0
2008-01-08,IWM,False,77.0,78.0,True,72.31999969482422,73.2699966430664,70.0199966430664,70.0199966430664,-0.0308650983658629,60.91,61.73,59.01,59.05,0.9924022190797397,-9.843562127359595,-6.77392040643543,0.0
2008-01-23,IWM,False,77.0,78.0,True,65.30000305175781,69.9800033569336,65.08999633789062,69.0199966430664,0.0341624041395811,55.01,58.45,54.84,58.4,0.8724886903583994,-128.7388121993549,-42.615312250613435,0.0
2008-03-06,IWM,False,77.0,78.0,True,67.91000366210938,68.18000030517578,65.93000030517578,66.16999816894531,-0.033308968311874,57.13,57.4,55.55,55.6,0.9785331463832847,19.388684145409396,27.376379326140565,0.0
2008-03-11,IWM,False,77.0,78.0,True,66.47000122070312,67.30000305175781,64.22000122070312,67.30000305175781,0.0434109000272529,55.98,56.74,54.78,56.74,0.7547981883781223,0.0,117.59919252848583,0.0
2008-03-18,IWM,False,78.0,78.0,True,66.61000061035156,68.18000030517578,65.30999755859375,68.05000305175781,0.0459576637775189,56.11,57.52,55.26,57.37,0.9340484969662256,7.0294450628249905,36.32028178965907,0.0
2008-03-24,IWM,False,73.0,78.0,True,68.16999816894531,70.3499984741211,67.94999694824219,69.98999786376953,0.0371961230286161,57.4,59.25,57.21,58.74,1.0127929921782808,35.206194268273535,31.931181795652464,0.0
2008-04-01,IWM,False,77.0,78.0,True,69.45999908447266,70.81999969482422,69.13999938964844,70.79000091552734,0.0366085805606068,58.44,59.67,58.22,59.64,1.0244550904807006,0.7921311916514462,-5.1308485259926595,0.0
2008-04-16,IWM,False,74.0,78.0,True,69.68000030517578,71.27999877929688,69.68000030517578,71.19999694824219,0.032332835842689,58.7,60.03,58.7,59.87,0.988559443903325,15.470973677962352,18.453210422302302,0.0
2008-07-02,IWM,False,77.0,78.0,True,68.91999816894531,69.18000030517578,66.8499984741211,66.88999938964844,-0.031982621320901,58.04,58.26,56.29,56.29,1.00470810831915,7.367854337514412,5.983682339623098,0.0
2008-07-08,IWM,False,76.0,78.0,False,65.79000091552734,68.13999938964844,65.25,68.06999969482422,0.0362307377829809,55.16,57.36,54.96,57.35,0.9856797106939275,-8.531034830547846,-2.5662595341802152,0.0
2008-07-16,IWM,False,77.0,78.0,True,66.30999755859375,68.48999786376953,65.79000091552734,68.30000305175781,0.036733544311347,55.84,57.68,55.45,57.59,0.9795243448743077,-12.156158426257502,-4.251910582566687,0.0
2008-09-04,IWM,False,74.0,78.0,True,73.5199966430664,73.68000030517578,71.4800033569336,71.81999969482422,-0.0314228156858702,61.94,62.06,60.21,60.47,0.9987460629900516,3.8594765355282057,4.3641968888774585,0.0
2008-09-15,IWM,True,75.0,78.0,True,70.1500015258789,71.48999786376953,68.79000091552734,69.01000213623047,-0.0448442610902357,58.92,60.22,58.04,58.21,0.9572109583986369,-13.57812876201625,2.683564744458966,0.0
2008-09-16,IWM,True,77.0,78.0,True,67.80000305175781,71.0,67.7300033569336,71.0,0.0288363686736472,57.1,59.8,57.03,59.75,1.0065906716247242,8.368200836819106,5.590248040219237,0.0
2008-09-17,IWM,True,75.0,78.0,True,69.94999694824219,70.06999969482422,67.44999694824219,67.80000305175781,-0.0450703795527068,59.04,59.05,56.8,56.91,1.0231089865097873,39.88906553227922,32.46213235695406,0.0
2008-09-18,IWM,True,75.0,78.0,True,69.4000015258789,72.1500015258789,67.16000366210938,71.80000305175781,0.0589970474919661,58.46,60.75,56.56,60.52,0.9961831845385328,-10.690226979906958,-8.648613032292696,0.0
2008-09-19,IWM,True,75.0,78.0,False,78.91999816894531,86.05000305175781,73.94999694824219,75.0,0.0445682007274488,66.49,66.52,62.96,64.11,0.344191305129208,-956.493876481298,-39.93791758393761,0.0
2008-09-22,IWM,True,74.0,78.0,True,75.19999694824219,75.36000061035156,70.22000122070312,71.94999694824219,-0.0406667073567708,63.35,63.49,60.39,60.59,0.7161903314718163,4.474028314087608,212.54596620815747,0.0
2008-09-23,IWM,True,77.0,78.0,True,72.0,72.62000274658203,70.80999755859375,70.98999786376953,-0.0133425868685337,60.63,61.16,59.66,59.79,0.983965902569202,-0.4645260117175365,3.622145515336239,0.0
2008-09-24,IWM,True,74.0,78.0,True,70.83000183105469,71.02999877929688,68.9000015258789,69.94000244140625,-0.0147907515700765,59.79,59.95,58.48,58.91,0.8193602890882532,20.37559667587896,76.84904747104815,0.0
2008-09-25,IWM,True,75.0,78.0,True,69.91999816894531,71.26000213623047,69.88999938964844,70.30000305175781,0.0051472776349008,59.05,60.15,59.03,59.47,0.9663934777640295,-21.91484410351108,-15.756783081771752,0.0
2008-09-26,IWM,True,75.0,78.0,True,69.01000213623047,70.69000244140625,68.79000091552734,70.62999725341797,0.0046940851683492,58.24,59.68,58.05,59.65,1.01580979455074,-3.4634284361900747,-7.925804550894533,0.0
2008-09-29,IWM,True,75.0,77.0,True,69.2300033569336,70.33000183105469,65.05000305175781,65.05000305175781,-0.0790031773842399,58.44,58.51,55.25,55.49,0.7237963261753045,-247.3628635242897,-43.2510362227434,0.0
2008-09-30,IWM,True,76.0,78.0,True,65.87000274658203,68.38999938964844,65.05000305175781,68.0,0.0453496819346033,55.62,57.41,55.11,57.36,0.8163598090607138,-48.358625043507516,43.44856544909126,0.0
2008-10-01,IWM,True,76.0,78.0,True,67.19000244140625,67.3499984741211,66.29000091552734,67.0199966430664,-0.0144118140725528,56.79,56.83,55.94,56.64,0.9934964022068129,-15.617212983571882,-14.826991691212488,0.0
2008-10-02,IWM,True,77.0,78.0,True,66.62999725341797,67.02999877929688,63.41999816894531,63.58000183105469,-0.051327886963832,56.42,56.57,53.55,53.63,0.9917732874007307,5.290583855857012,10.274554135270009,0.0
2008-10-03,IWM,True,77.0,78.0,True,64.36000061035156,65.63999938964844,61.72999954223633,62.70000076293945,-0.0138408468507689,54.31,55.44,52.09,52.35,1.0261690849894398,115.92296326075724,106.68997413518566,0.0
2008-10-06,IWM,True,77.0,78.0,True,60.560001373291016,60.720001220703125,56.380001068115234,59.720001220703125,-0.0475279028066254,51.09,51.25,47.58,50.42,1.0015976249924952,-2.7842505355546443,-4.228389828188073,0.0
2008-10-07,IWM,True,77.0,78.0,True,60.20000076293945,60.43000030517578,55.630001068115234,55.79999923706055,-0.0656396835819828,50.84,51.0,46.96,47.09,0.9973456534879183,0.5315017225981933,2.867648005118184,0.0
2008-10-08,IWM,True,72.0,77.0,False,53.810001373291016,56.95000076293945,53.5099983215332,54.459999084472656,-0.0240143399804547,46.88,47.96,45.15,46.41,0.9585474813624608,-117.84863998738015,-98.77616613398365,0.0
2008-10-09,IWM,True,75.0,78.0,True,55.650001525878906,55.93000030517578,49.45000076293945,49.9900016784668,-0.0820785435393134,46.98,47.2,41.73,41.82,1.0090471822880198,87.79620059136573,87.4455831810672,0.0
2008-10-10,IWM,True,71.0,78.0,False,47.65999984741211,54.66999816894531,46.5099983215332,52.45000076293945,0.0492098220019123,40.2,44.58,39.28,44.54,0.7648583374102994,-397.45632908544604,-54.64153013393314,0.0
2008-10-13,IWM,False,72.0,78.0,True,54.540000915527344,57.380001068115234,52.45000076293945,56.97999954223633,0.0863679449647925,46.03,48.32,45.39,48.32,0.7008356575003868,-69.71096522010667,204.9339863311106,0.0
2008-10-15,IWM,False,75.0,78.0,True,54.45000076293945,54.84999847412109,50.04999923706055,50.40999984741211,-0.0897436100550127,45.93,46.29,42.25,42.34,1.0020884100627014,47.92543175915709,50.518805800756624,0.0
2008-10-16,IWM,False,73.0,77.0,True,51.02000045776367,53.880001068115234,48.290000915527344,53.709999084472656,0.0654631868091537,43.03,45.16,40.77,44.83,0.9408905499274683,41.82719876215879,115.09355472890005,0.0
2008-10-20,IWM,False,75.0,77.0,True,53.25,54.709999084472656,52.459999084472656,54.68999862670898,0.0477011078041469,44.92,45.9,44.43,45.85,0.7792976903551401,7.245416242656066,102.21499764758502,0.0
2008-10-22,IWM,False,73.0,78.0,True,51.7599983215332,52.459999084472656,49.310001373291016,50.4900016784668,-0.0505828997982757,43.7,44.3,41.8,42.62,0.9402031679922094,3.8549779336105594,42.300363422866916,0.0
2008-10-24,IWM,False,74.0,78.0,True,44.95000076293945,48.20000076293945,44.88999938964844,47.16999816894531,-0.0371505092297527,37.95,40.69,37.88,39.81,1.005893096906992,2.632812465896972,-1.5183788508066343,0.0
2008-10-27,IWM,False,73.0,76.0,True,46.119998931884766,47.66999816894531,44.70000076293945,44.86000061035156,-0.0489717542561736,38.94,39.94,38.56,38.76,0.5377724172552112,-302.97685780247275,-15.990134834751313,0.0
2008-10-28,IWM,False,77.0,78.0,True,45.72999954223633,48.70000076293945,44.08000183105469,48.45000076293945,0.0800267522011466,38.64,41.13,37.22,41.13,0.9969421566942591,-51.33470145451291,-53.51015367413892,0.0
2008-10-30,IWM,False,71.0,77.0,True,50.40999984741211,51.47999954223633,49.52000045776367,51.43000030517578,0.0560574845886625,42.55,43.2,41.79,43.01,0.8602215704831044,34.42050637009642,91.10709913756176,0.0
2008-10-31,IWM,False,76.0,78.0,True,51.29999923706055,54.09000015258789,50.47999954223633,53.75,0.0451098518580164,43.3,45.63,42.62,45.33,0.9886713968062775,2.9071053811047243,11.216481380345034,0.0
2008-11-05,IWM,False,75.0,78.0,True,53.93000030517578,54.43999862670898,51.310001373291016,51.59000015258789,-0.0523511856358285,45.62,45.9,43.31,43.54,0.9804668443800978,-9.857469151246523,1.4567652572883283,0.0
2008-11-06,IWM,False,77.0,78.0,True,51.04999923706055,51.70000076293945,49.540000915527344,49.59000015258789,-0.0387672028316455,43.07,43.65,41.8,41.83,1.015369825430323,9.213283005129469,2.913575492220488,0.0
2008-11-12,IWM,False,77.0,78.0,True,47.61000061035156,48.380001068115234,45.31999969482422,45.560001373291016,-0.0582885413924212,40.16,40.39,38.09,38.27,0.8948113433020709,-61.216144980376086,5.673812482305252,0.0
2008-11-13,IWM,False,75.0,77.0,True,45.70000076293945,49.45000076293945,43.2400016784668,49.310001373291016,0.0823090405391953,38.58,40.97,36.61,40.96,0.8452204958740525,-25.876807506605147,192.6965151432425,0.0
2008-11-14,IWM,False,78.0,78.0,True,48.22999954223633,49.310001373291016,45.5,45.63999938964844,-0.0744271320509524,40.71,41.28,38.23,38.31,0.9536920999084262,-26.716787017311283,9.82256758060851,0.0
2008-11-19,IWM,False,76.0,78.0,True,44.77999877929688,45.150001525878906,41.2400016784668,41.36000061035156,-0.0815011829543429,37.78,38.11,34.8,34.92,1.002668923654901,-2.5905122760594423,-5.366550316282526,0.0
2008-11-20,IWM,False,74.0,77.0,True,41.0,41.93000030517578,38.43999862670898,38.52999877929688,-0.0684236409403339,34.59,35.37,32.58,32.6,0.9448436804038282,-30.08192953104838,17.263818651873652,0.0
2008-11-21,IWM,False,78.0,78.0,True,39.290000915527344,40.84999847412109,37.119998931884766,40.63999938964844,0.0547625402855014,33.17,34.46,31.32,34.37,0.9953940265597782,-25.35635295245364,-23.275975647703007,0.0
2008-11-24,IWM,False,75.0,78.0,True,41.20000076293945,44.040000915527344,40.72999954223633,43.5,0.0703740318234364,34.76,37.17,34.38,36.75,0.997718311007324,-9.731620684269027,-8.668221233022466,0.0
2008-11-26,IWM,False,75.0,78.0,True,43.27000045776367,47.02999877929688,43.20000076293945,46.869998931884766,0.0599275811403856,36.52,39.7,36.46,39.48,1.0043018456012454,21.514032264580152,19.607506828407395,0.0
2008-12-01,IWM,False,75.0,78.0,True,46.119998931884766,46.31999969482422,41.5,42.02000045776367,-0.1123785314253615,38.94,39.09,35.1,35.47,0.9806651664124468,-2.486784205758541,19.680748825614547,0.0
2008-12-02,IWM,False,73.0,77.0,True,42.709999084472656,44.33000183105469,41.959999084472656,44.22999954223633,0.052593980494932,36.07,37.13,35.41,36.9,0.8699016734599052,39.631411674962976,115.35258746387944,0.0
2008-12-03,IWM,False,74.0,78.0,False,43.150001525878906,45.88999938964844,43.02000045776367,45.56999969482422,0.0302961828274108,36.67,38.74,36.6,38.42,0.8844101199510522,12.977254288051299,90.95663580876322,0.0
2008-12-04,IWM,False,74.0,77.0,True,44.81999969482422,46.45000076293945,43.2599983215332,44.060001373291016,-0.0331357983683442,37.84,39.18,36.5,36.99,1.000700124066203,47.05734888118984,50.0110957136024,0.0
2008-12-05,IWM,False,76.0,78.0,True,43.369998931884766,46.27000045776367,42.34000015258789,46.09999847412109,0.0463004320754905,36.6,39.05,35.74,38.9,0.9981291044448329,1.6774381976936148,3.569703983423711,0.0
2008-12-08,IWM,False,74.0,78.0,True,47.22999954223633,48.56999969482422,46.970001220703125,48.13999938964844,0.0442516482223427,39.86,41.02,39.73,40.62,0.9555123466957438,9.069771490539669,24.533117790512815,0.0
2008-12-09,IWM,False,78.0,78.0,True,47.68999862670898,49.40999984741211,46.27999877929688,46.650001525878906,-0.0309513477910414,40.24,41.7,39.06,39.38,0.9991608104634676,-2.367861349815703,-1.9604448977805777,0.0
2008-12-11,IWM,False,76.0,78.0,True,47.25,47.90999984741211,44.790000915527344,45.33000183105469,-0.0506805899255562,39.87,40.41,37.85,38.22,0.9731517631964463,3.6326387909846325,22.58772950977539,0.0
2008-12-12,IWM,False,76.0,78.0,True,44.15999984741211,47.0,44.02000045776367,46.88999938964844,0.0344142399201279,37.29,39.67,37.16,39.58,0.9978424170841846,-0.7188468958430061,0.6930976054686511,0.0
2008-12-15,IWM,False,78.0,78.0,True,47.2599983215332,47.459999084472656,44.619998931884766,45.380001068115234,-0.0322029929875954,39.87,40.05,37.65,38.28,1.0018102042017911,3.8545236901388336,2.947689194543468,0.0
2008-12-16,IWM,False,74.0,78.0,True,46.2599983215332,48.47999954223633,46.09999847412109,48.33000183105469,0.0650066261239508,39.04,40.93,38.93,40.78,0.9959153675830493,5.728808163283361,8.13333893050272,0.0
2009-01-09,IWM,False,77.0,78.0,True,50.11000061035156,50.18999862670898,47.91999816894531,48.130001068115234,-0.0370147757315949,42.63,42.69,40.76,40.83,1.0022310550490554,26.41005968842647,26.604256017961347,0.0
2009-01-14,IWM,False,74.0,78.0,True,46.31999969482422,46.66999816894531,45.119998931884766,45.2400016784668,-0.0439560023197744,39.39,39.7,38.36,38.5,1.0158631267409286,-4.267948760710016,-9.863996339575243,0.0
2009-01-20,IWM,False,75.0,77.0,True,45.880001068115234,46.25,43.310001373291016,43.33000183105469,-0.0677710357617202,39.0,39.33,36.91,36.92,0.9660403207821682,-19.80046256109147,1.9081668568010635,0.0
2009-01-21,IWM,False,75.0,78.0,True,44.0,45.68999862670898,43.040000915527344,45.4900016784668,0.0498499828325424,37.43,38.88,36.59,38.7,1.0157690392251755,2.5354465444693552,-7.017533061873804,0.0
2009-01-28,IWM,False,76.0,78.0,True,46.25,47.4900016784668,45.4900016784668,47.25,0.0412075559248643,39.34,40.35,39.26,40.22,0.6402598209845869,-18.378426884738673,138.97585894566024,0.0
2009-01-29,IWM,False,75.0,78.0,True,46.59000015258789,47.22999954223633,45.25,45.400001525878906,-0.0391534068597057,39.62,40.15,38.48,38.54,0.9935632935068385,14.096344496628,17.529659739727865,0.0
2009-02-06,IWM,False,71.0,78.0,True,45.41999816894531,47.16999816894531,45.209999084472656,46.959999084472656,0.0355016684569529,38.63,40.12,38.44,39.94,1.0077978615016152,0.34733255229069115,-3.0182335976070007,0.0
2009-02-10,IWM,False,74.0,78.0,False,46.38999938964844,47.09999847412109,44.45000076293945,44.59000015258789,-0.0462032052922376,39.68,40.02,37.81,37.91,0.9809129412775671,-5.9876760413057895,5.034580045581993,0.0
2009-02-17,IWM,False,74.0,78.0,True,43.0,43.619998931884766,42.83000183105469,42.900001525878906,-0.0396238351381198,36.57,37.1,36.42,36.52,1.011136886825703,-8.865676642464404,-11.083396414341973,0.0
2009-02-23,IWM,False,77.0,78.0,True,41.380001068115234,41.45000076293945,39.470001220703125,39.560001373291016,-0.0384053971754548,35.21,35.23,33.57,33.64,0.9859237058766865,-4.870826072554957,1.9461568889345138,0.0
2009-02-24,IWM,False,77.0,78.0,True,40.040000915527344,41.369998931884766,39.59999847412109,41.02000045776367,0.0369059411979286,34.06,35.17,33.68,34.93,0.9885757774637671,-16.47444654599206,-12.104521800345713,0.0
2009-03-02,IWM,False,76.0,78.0,True,38.2599983215332,38.41999816894531,36.81999969482422,36.93999862670898,-0.0564496248540135,32.54,32.68,31.31,31.38,1.0079637982392176,13.10208173977978,10.21079058278751,0.0
2009-03-05,IWM,False,74.0,78.0,True,36.25,36.68999862670898,34.91999816894531,35.02000045776367,-0.0532576677835062,30.81,31.2,29.7,29.78,0.996573499469824,-0.03793441650246088,1.696943427467179,0.0
2009-03-10,IWM,False,73.0,78.0,True,35.25,36.810001373291016,35.099998474121094,36.630001068115234,0.065135263687764,29.98,31.3,29.83,31.19,1.0095830362196705,-13.804581116838577,-19.14577995064226,0.0
2009-03-12,IWM,False,77.0,78.0,True,36.52999877929688,39.18999862670898,36.06999969482422,38.959999084472656,0.0621591810340076,31.07,33.33,30.68,33.14,0.9985225163534304,-1.6922725271506511,-0.5606510727618197,0.0
2009-03-17,IWM,False,76.0,78.0,True,38.72999954223633,40.45000076293945,38.43000030517578,40.45000076293945,0.0463011102584669,32.98,34.4,32.8,34.4,0.9313836425589954,0.0,36.066893661261815,0.0
2009-03-18,IWM,False,78.0,78.0,True,40.2599983215332,42.18000030517578,39.90999984741211,41.84999847412109,0.0346105731712205,34.27,35.88,33.96,35.6,0.9943075393096616,-0.20022277835263225,3.026146011988473,0.0
2009-03-20,IWM,False,77.0,78.0,False,41.79999923706055,41.91999816894531,39.95000076293945,39.97999954223633,-0.0345327290617014,35.48,35.6,33.98,34.07,0.9649837754333969,-34.4930994081527,-18.926957044995696,0.0
2009-03-23,IWM,False,76.0,76.0,True,41.34000015258789,43.52000045776367,40.93000030517578,43.380001068115234,0.0850425604004077,35.16,36.72,34.8,36.71,0.876005056262091,-29.453686672129553,47.14499780532178,0.0
2009-03-24,IWM,False,74.0,77.0,True,42.70000076293945,43.11000061035156,41.5099983215332,41.560001373291016,-0.0419548098204621,36.43,36.71,35.65,35.69,0.771461516471637,-84.02642426705631,0.8249040527741336,0.0
2009-03-26,IWM,False,74.0,78.0,True,43.31999969482422,44.470001220703125,42.869998931884766,44.380001068115234,0.0386145926411247,36.95,37.94,36.6,37.9,0.9806912328499491,-9.705666773980326,-2.861448565421032,0.0
2009-03-27,IWM,False,73.0,78.0,True,43.619998931884766,44.0,42.83000183105469,42.88999938964844,-0.0335737188509733,37.22,37.55,36.52,36.59,1.031919152824375,3.475099265191073,-5.1494075762503755,0.0
2009-04-02,IWM,False,75.0,78.0,True,44.119998931884766,45.56999969482422,43.81999969482422,44.91999816894531,0.0500233625692405,37.64,38.9,37.4,38.31,1.0050340791798926,9.172028140549404,7.527908174691511,0.0
2009-04-07,IWM,False,76.0,78.0,True,44.08000183105469,44.459999084472656,43.119998931884766,43.2599983215332,-0.03545150962503,37.61,37.94,36.79,36.84,1.0077663880266365,20.623706681630605,18.851122191823055,0.0
2009-04-09,IWM,False,77.0,78.0,True,45.27999877929688,46.709999084472656,45.09999847412109,46.63999938964844,0.0585564669982376,38.65,39.86,38.48,39.79,1.0047028695310776,2.5799766350864672,0.9932257122846622,0.0
2009-04-20,IWM,False,74.0,78.0,True,46.77000045776367,47.0,45.20000076293945,45.29999923706055,-0.0513089165013498,39.9,40.09,38.57,38.64,0.9899935016293028,-0.016687515103086525,3.9675349135448457,0.0
2009-04-21,IWM,False,72.0,77.0,False,45.060001373291016,47.060001373291016,44.95000076293945,46.869998931884766,0.0346578304915241,38.69,40.14,38.61,39.9,0.8517867847604423,19.53301349694403,90.02276572825707,0.0
2009-04-29,IWM,False,75.0,78.0,True,47.810001373291016,49.56999969482422,47.630001068115234,48.970001220703125,0.0379398241617003,40.8,42.14,40.63,41.83,0.9112085267494061,-47.82818037234793,-13.610949196450894,0.0
2009-05-04,IWM,False,74.0,78.0,True,49.27999877929688,50.70000076293945,49.06999969482422,50.59999847412109,0.0364604422454675,42.04,43.26,41.87,43.14,1.0002240073013131,8.03722868627954,8.229797873113842,0.0
2009-05-08,IWM,False,77.0,78.0,True,50.150001525878906,51.15999984741211,49.63999938964844,51.0099983215332,0.0346855803435224,42.77,43.66,42.35,43.55,1.0094730448478675,-4.135813262755583,-7.163145352846456,0.0
2009-05-13,IWM,False,72.0,78.0,True,48.70000076293945,48.810001373291016,47.209999084472656,47.27999877929688,-0.0458123207409828,41.54,41.64,40.3,40.32,0.9820670221671843,3.657961154921452,9.859630455415491,0.0
2009-05-18,IWM,False,75.0,78.0,True,48.29999923706055,49.56999969482422,48.11000061035156,49.36000061035156,0.0335008866216182,41.22,42.3,41.07,42.19,0.9856396344999303,-16.402073847799905,-12.541874519789165,0.0
2009-05-26,IWM,False,74.0,78.0,False,47.369998931884766,50.15999984741211,47.31999969482422,50.06999969482422,0.0477086992177915,40.69,42.78,40.66,42.71,0.8751157796098882,-1.5824171334588577,73.27426096420231,0.0
2009-06-01,IWM,False,74.0,78.0,True,51.36000061035156,52.369998931884766,51.09999847412109,52.130001068115234,0.0390672308292636,43.81,44.69,43.61,44.49,0.9964263553950742,-1.0794467251729056,-0.21810804962218988,0.0
2009-06-22,IWM,False,76.0,78.0,True,50.9900016784668,51.02999877929688,49.400001525878906,49.4900016784668,-0.0354706615886314,43.52,43.54,42.16,42.18,0.9933518545544106,10.914676980426918,13.46843159115041,0.0
2009-07-02,IWM,False,75.0,78.0,True,50.880001068115234,50.880001068115234,49.68999862670898,49.90999984741211,-0.0377867577565697,43.57,43.57,42.6,42.8,0.9505340557725381,-14.168174239991282,-2.661114512920726,0.0
2009-07-15,IWM,False,76.0,78.0,True,50.459999084472656,51.619998931884766,50.2599983215332,51.459999084472656,0.0385469198147543,43.21,44.19,43.02,44.05,1.0050105479757776,0.6878458998116344,-0.649360913825836,0.0
2009-07-23,IWM,False,76.0,78.0,True,52.880001068115234,54.81999969482422,52.77000045776367,54.52999877929688,0.0315928518664883,45.26,46.95,45.17,46.72,1.0134421353033993,-3.931543159790829,-9.306250932806792,0.0
2009-10-28,IWM,False,77.0,78.0,True,58.59000015258789,58.79999923706055,56.59000015258789,56.83000183105469,-0.0333389871398179,50.29,50.48,48.58,48.79,1.0014017801863788,-0.2560966738496262,-0.8135326628044837,0.0
2009-11-05,IWM,False,75.0,78.0,True,56.9900016784668,58.16999816894531,56.77000045776367,58.040000915527344,0.0318222384982638,48.94,49.92,48.75,49.82,0.9736037175282143,-2.320415020280464,4.131914938694248,0.0
2010-02-04,IWM,False,75.0,78.0,True,60.65999984741211,60.68000030517578,58.9900016784668,59.040000915527344,-0.0333988352058325,52.27,52.29,50.84,50.88,0.9955908657623648,-0.6373251130453728,0.6075846582787037,0.0
2010-05-04,IWM,False,78.0,78.0,True,72.19000244140625,72.19999694824219,70.52999877929688,70.95999908447266,-0.0313950721361002,62.35,62.37,60.9,61.3,1.0189537371449313,-0.19130752501261838,-4.683673212909634,0.0
2010-05-06,IWM,True,74.0,78.0,False,69.41999816894531,70.19000244140625,63.36000061035156,67.30000305175781,-0.0374713270280255,60.2,60.62,56.74,58.11,0.6579230681955057,2.415311777159701,371.4234725173515,0.0
2010-05-10,IWM,False,74.0,77.0,True,68.55000305175781,69.05999755859375,67.69999694824219,69.02999877929688,0.0561505222563303,59.23,59.62,58.64,59.3,0.838822642142295,49.5955876652765,82.9702284623246,0.0
2010-05-12,IWM,False,77.0,78.0,True,69.8499984741211,71.69999694824219,69.79000091552734,71.62000274658203,0.030651963567307,60.33,61.95,60.28,61.9,1.0116439538624762,-3.088260418618871,-6.359468599979046,0.0
2010-05-20,IWM,False,77.0,78.0,True,65.7699966430664,66.12000274658203,64.08000183105469,64.12000274658203,-0.0506366319601139,56.83,57.11,55.39,55.43,0.9753191202907195,-8.563078297539883,-0.9784735757067953,0.0
2010-05-27,IWM,False,73.0,76.0,True,65.95999908447266,67.13999938964844,64.3499984741211,67.11000061035156,0.0428904771045244,56.96,57.81,56.5,57.81,0.5450686741755654,-4.468093471787782,192.5812067818078,0.0
2010-06-01,IWM,False,78.0,78.0,True,65.5999984741211,66.47000122070312,64.19000244140625,64.23999786376953,-0.0303396548864975,56.67,57.4,55.48,55.52,0.9743672418873471,-8.233737482878922,0.5784394784003055,0.0
2010-06-04,IWM,False,78.0,78.0,True,65.11000061035156,65.69999694824219,63.369998931884766,63.560001373291016,-0.0502091585115064,56.24,56.75,54.73,54.91,1.0035251760378128,-1.5432878530019511,-2.896173932145363,0.0
2010-06-10,IWM,False,75.0,78.0,True,63.02999877929688,64.08000183105469,62.79999923706055,64.06999969482422,0.0345551328774915,54.43,55.39,54.25,55.37,1.0305621787663528,2.050617855844372,-4.136832614478614,0.0
2010-06-29,IWM,False,74.0,78.0,True,63.220001220703125,63.220001220703125,61.380001068115234,61.83000183105469,-0.0378151295423895,54.59,54.59,53.04,53.43,0.974827841493003,-7.533991397218331,-0.2139327168781957,0.0
2010-07-07,IWM,False,78.0,78.0,True,59.220001220703125,61.150001525878906,58.9900016784668,61.09999847412109,0.0348915570231973,51.32,53.09,51.28,53.03,0.965482545262544,3.127984756370328,15.881559851296245,0.0
2010-07-13,IWM,False,75.0,78.0,True,63.08000183105469,64.44000244140625,62.84000015258789,64.19999694824219,0.0316567157399509,54.65,55.87,54.44,55.67,1.0306927463921767,-1.4526120745794735,-9.304439353734484,0.0
2010-07-16,IWM,False,77.0,78.0,True,62.90999984741211,63.040000915527344,60.88999938964844,61.06999969482422,-0.0364468497059258,54.51,54.62,52.78,52.96,0.9868678396081864,-8.851214665750451,-4.526834202506214,0.0
2010-07-22,IWM,False,72.0,78.0,True,62.18000030517578,63.65999984741211,62.16999816894531,63.41999816894531,0.0355975903123635,53.89,55.2,53.88,54.99,1.0217147874338093,0.34424137115962594,-4.85179830284177,0.0
2010-08-11,IWM,False,70.0,78.0,True,63.33000183105469,63.33000183105469,61.90999984741211,62.08000183105469,-0.0393067286841254,54.89,54.89,53.67,53.83,0.9908278858299376,-4.349294730168207,-2.345285744246306,0.0
2010-09-01,IWM,False,77.0,78.0,True,61.22999954223633,62.54999923706055,61.02000045776367,62.5099983215332,0.0387171486298085,53.1,54.17,52.9,54.16,0.9580396164292918,-4.549830211297845,5.857120247352299,0.0
2010-09-24,IWM,False,75.0,78.0,True,65.79000091552734,67.05999755859375,65.69000244140625,66.98999786376953,0.0325215890825334,57.13,58.27,57.07,58.17,1.0087257954992528,6.73467909651837,5.055329260963415,0.0
2011-06-01,IWM,False,77.0,78.0,True,84.70999908447266,84.81999969482422,82.02999877929688,82.11000061035156,-0.0321781688517095,74.17,74.18,71.73,71.83,1.003810946906279,-2.7914635115533493,-4.182584333526362,0.0
2011-08-02,IWM,False,78.0,78.0,True,78.91999816894531,79.68000030517578,76.61000061035156,76.75,-0.0311790101318203,69.22,69.91,67.22,67.36,0.9983670826163913,-3.078526528756953,-2.5475321041934507,0.0
2011-08-04,IWM,False,76.0,78.0,True,76.06999969482422,76.20999908447266,72.58999633789062,72.5999984741211,-0.0603158624548381,66.76,66.88,63.7,63.75,1.0004022098696794,-5.968119506207792,-6.46632337944375,0.0
2011-08-08,IWM,False,76.0,78.0,True,69.01000213623047,71.41000366210938,65.08000183105469,65.12000274658203,-0.087060127927391,60.54,62.05,56.97,57.0,0.9168524105779856,-72.90255380481337,0.88002915029195,0.0
2011-08-09,IWM,False,74.0,77.0,True,66.91999816894531,69.62000274658203,63.7599983215332,69.45999908447266,0.0666461325989182,58.72,60.25,56.07,60.24,0.8224853060096029,-21.326215443152606,139.8625781050411,0.0
2011-08-10,IWM,False,75.0,77.0,True,67.3499984741211,69.56999969482422,65.87000274658203,66.05999755859375,-0.0489490580289823,59.11,60.43,58.17,58.21,0.6931831979340476,-142.39193389733896,21.952413163153217,0.0
2011-08-11,IWM,False,74.0,77.0,True,66.51000213623047,70.44000244140625,66.06999969482422,69.36000061035156,0.0499546347822792,58.34,61.82,57.96,61.18,1.001394519850039,-50.316775202541294,-54.56719147134081,0.0
2011-08-18,IWM,False,73.0,78.0,True,68.05999755859375,70.4000015258789,65.81999969482422,66.44999694824219,-0.0569117540212139,59.71,59.86,57.65,58.22,0.5507435077013715,-295.19511827315824,-3.1264236464179085,0.0
2011-08-23,IWM,False,75.0,78.0,False,65.45999908447266,68.30000305175781,64.86000061035156,68.19000244140625,0.0482705494594681,57.22,59.92,56.88,59.84,1.007033583259634,-2.7580533882420877,-6.634759275885305,0.0
2011-08-29,IWM,False,74.0,78.0,True,70.06999969482422,72.44999694824219,70.04000091552734,72.37999725341797,0.0473158242539013,61.48,63.57,61.45,63.49,1.002842586875703,2.926441223656262,2.0490351929769446,0.0
2011-09-02,IWM,False,77.0,78.0,True,69.36000061035156,70.04000091552734,68.0999984741211,68.45999908447266,-0.0369953212673918,60.84,61.45,59.74,60.05,1.0048881182465932,2.294130369218106,0.9669791675936956,0.0
2011-09-07,IWM,False,77.0,78.0,True,69.4000015258789,70.94999694824219,69.06999969482422,70.8499984741211,0.0377911521593243,60.87,62.25,60.58,62.19,1.011995414794871,-4.459962783780469,-7.846356116588682,0.0
2011-09-21,IWM,False,78.0,78.0,True,69.04000091552734,69.62999725341797,66.54000091552734,66.58999633789062,-0.037021043116394,60.56,61.07,58.37,58.39,0.9964977333751215,2.3502417202458936,4.0857714342790175,0.0
2011-09-28,IWM,False,76.0,78.0,True,67.79000091552734,68.12000274658203,65.0999984741211,65.19999694824219,-0.0383481708921282,59.71,59.99,57.3,57.41,1.0115905209873182,1.4791443597639287,-3.829107788181352,0.0
2011-09-30,IWM,False,74.0,78.0,True,65.1500015258789,66.18000030517578,64.23999786376953,64.30000305175781,-0.0306045337442831,57.35,58.27,56.57,56.61,0.9953240167964111,0.8310815975476338,2.268293485900852,0.0
2011-10-03,IWM,False,77.0,78.0,True,63.810001373291016,64.95999908447266,60.84999847412109,60.9900016784668,-0.0514774683700505,56.2,57.19,53.61,53.67,0.9898472715070123,4.632410705194268,11.802771014086666,0.0
2011-10-04,IWM,False,75.0,78.0,True,60.31999969482422,64.87999725341797,60.09000015258789,64.79000091552734,0.062305281726237,53.13,57.12,52.92,57.01,0.9964855030231662,5.396896866012302,8.628639637648927,0.0
2011-10-10,IWM,False,74.0,78.0,True,66.97000122070312,68.37999725341797,65.54000091552734,68.37000274658203,0.0438168358256798,59.01,60.17,58.73,60.15,0.5763345796757199,1.862922151398827,185.5274468089574,0.0
2011-10-17,IWM,False,74.0,78.0,True,70.51000213623047,70.62000274658203,68.62999725341797,68.9800033569336,-0.0303626096604823,62.11,62.2,60.43,60.7,1.0107727179117354,9.149467697038283,6.29109387974669,0.0
2011-10-24,IWM,False,77.0,78.0,True,71.44999694824219,73.58000183105469,71.16000366210938,73.41999816894531,0.0321945874307945,62.9,64.82,62.75,64.69,0.9708061664889217,-1.693394355681832,8.177209762161297,0.0
2011-10-27,IWM,False,73.0,78.0,True,75.29000091552734,76.97000122070312,72.6500015258789,76.41999816894531,0.0527621163283555,66.32,67.72,65.56,67.35,0.5673348445987269,-16.912471657520854,239.35829406179553,0.0
2011-11-01,IWM,False,77.0,78.0,True,71.18000030517578,72.97000122070312,70.95999908447266,71.38999938964844,-0.0354006576267811,62.66,64.26,62.49,62.93,0.9989790806332219,-9.757870025973725,-9.745085901172734,0.0
2011-11-09,IWM,False,76.0,78.0,True,73.31999969482422,73.91999816894531,71.81999969482422,71.94000244140625,-0.0476568497549635,64.59,65.07,63.25,63.35,0.9841838582247473,-3.621580236897737,0.8971251982559103,0.0
2011-11-23,IWM,False,75.0,77.0,True,68.9000015258789,69.08999633789062,67.37000274658203,67.4800033569336,-0.0314338290450521,60.66,60.84,59.34,59.68,0.9860767326990235,-43.1877771653899,-40.73569762560347,0.0
2011-11-28,IWM,False,72.0,78.0,True,69.08999633789062,69.91999816894531,68.91000366210938,69.79000091552734,0.0475832788690173,60.83,61.58,60.68,61.44,1.0121980462435398,4.151808085919306,2.42482669981392,0.0
2011-11-30,IWM,False,73.0,78.0,True,72.55999755859375,73.79000091552734,69.6500015258789,73.7300033569336,0.0584266362454706,63.93,64.89,63.52,64.84,0.376289012756447,-0.425832735320153,370.28296198301945,0.0
2011-12-08,IWM,False,72.0,77.0,True,73.9000015258789,74.18000030517578,72.22000122070312,72.36000061035156,-0.031065876879267,65.06,65.3,63.74,63.83,0.9022823194248584,-20.70024736500975,5.257841074064462,0.0
2011-12-09,IWM,False,71.0,78.0,True,72.5,74.97000122070312,72.37999725341797,74.54000091552734,0.0301271460307854,63.86,66.01,63.76,65.64,0.9865132215234286,-1.311553836411683,3.4675451009857916,0.0
2011-12-20,IWM,False,72.0,78.0,True,72.55000305175781,73.97000122070312,72.51000213623047,73.86000061035156,0.0401351695308143,63.9,65.11,63.87,65.01,0.964935407074139,0.48839810608214407,7.558537140368582,0.0
2012-06-01,IWM,False,75.0,78.0,True,74.4000015258789,75.01000213623047,73.70999908447266,73.81999969482422,-0.0300880422699127,66.06,66.61,65.4,65.5,1.048995771542321,8.131312029378002,-0.36652819053184515,0.0
2013-04-15,IWM,False,76.0,78.0,True,93.05999755859376,93.1500015258789,89.79000091552734,90.11000061035156,-0.0376975523526872,84.28,84.36,81.43,81.63,0.9626124186518611,-2.8340609371990677,11.050564325110201,0.0
2014-02-03,IWM,False,76.0,78.0,True,111.87000274658205,112.1999969482422,108.1500015258789,108.6500015258789,-0.0312945971970954,102.48,102.78,99.09,99.58,0.9940985690057322,-5.21668676413789,-3.20207627377167,0.0
2014-12-17,IWM,False,74.0,78.0,True,113.63999938964844,116.98999786376952,113.48999786376952,116.88999938964844,0.030866919647585,105.03,108.12,104.89,108.08,0.9980826319883814,-4.849810038514146,-4.408065865323385,0.0
2015-08-24,IWM,True,78.0,78.0,True,109.51000213623048,114.91999816894533,108.26000213623048,110.54000091552734,-0.0390332775051515,101.65,106.08,100.44,102.66,0.9118498635151066,-60.693011123120755,-10.198088976767217,0.0
2016-01-13,IWM,False,74.0,78.0,True,103.91000366210938,104.41999816894533,99.6500015258789,100.37999725341795,-0.0321087827639683,96.47,96.89,92.74,93.16,0.9374491570868194,-2.0036412564006234,27.841975397495666,0.0
2016-01-29,IWM,False,77.0,78.0,True,100.04000091552734,102.9800033569336,99.95999908447266,102.95999908447266,0.0328016507471586,92.84,95.56,92.76,95.55,0.9990525039408665,-0.896170329366397,-0.6369868211542062,0.0
2016-06-24,IWM,False,76.0,78.0,True,111.94000244140624,114.04000091552734,111.5,112.37999725341795,-0.0380072115477241,103.86,105.68,103.47,104.29,0.9375722618196304,-14.221185773725109,-0.32393647830586403,0.0
2016-06-27,IWM,False,78.0,78.0,True,111.06999969482422,111.06999969482422,108.19000244140624,108.69000244140624,-0.0328349786634247,103.1,103.1,100.4,100.86,1.0102813252562501,3.0520654614885068,0.39644166663688196,0.0
2016-09-09,IWM,False,76.0,78.0,True,124.18000030517578,124.20999908447266,121.20999908447266,121.25,-0.0312400411289942,115.87,115.9,113.11,113.15,0.9965753424657557,-1.0576050851096586,-0.23616368981183022,0.0
2016-11-09,IWM,False,78.0,78.0,True,118.08000183105467,122.83000183105467,118.0500030517578,122.54000091552734,0.0307873801032085,110.47,114.96,110.45,114.69,1.008094122494776,-0.1238021849447879,-3.4062309924043355,0.0
2018-02-05,IWM,True,75.0,78.0,True,152.6699981689453,153.7899932861328,147.86000061035156,147.9199981689453,-0.0384190573474743,145.39,146.47,140.82,140.95,0.999898929510285,-5.008798432671879,-5.1691437950751595,0.0
2018-10-24,IWM,False,76.0,76.0,True,151.42999267578125,151.97999572753906,145.82000732421875,145.9499969482422,-0.0376500499537688,145.44,145.98,140.93,140.93,0.8490086633924796,-52.64609033909462,8.914388800873585,0.0
2018-12-04,IWM,False,75.0,78.0,True,153.75,154.1300048828125,147.13999938964844,147.52000427246094,-0.0425752692149279,147.68,148.05,141.32,141.73,1.0021360292091834,-2.0640839433594405,-3.1768780023455623,0.0
2018-12-26,IWM,False,77.0,78.0,True,126.27999877929688,132.10000610351562,125.80999755859376,131.92999267578125,0.0480616106956501,121.7,127.31,121.24,127.14,1.001379708661744,0.4838238338833456,-0.18178731224560707,0.0
2019-01-04,IWM,False,78.0,78.0,True,133.9199981689453,137.60000610351562,133.7100067138672,137.19000244140625,0.037353515625,129.06,132.61,128.86,132.25,1.0000196128424892,-2.6567147429401583,-2.739711957988611,0.0
2019-03-22,IWM,False,72.0,78.0,True,154.1999969482422,154.5399932861328,149.57000732421875,149.6199951171875,-0.0363882849217872,149.0,149.35,144.52,144.55,1.005920152717816,3.1291989725024116,1.2659999995290327,0.0
2019-05-13,IWM,False,77.0,78.0,True,153.69000244140625,154.02000427246094,151.16000366210938,151.6300048828125,-0.0318604928485749,148.52,148.84,146.07,146.52,1.002309582047412,0.7085124188543901,0.28493665045647987,0.0
2019-08-05,IWM,False,75.0,78.0,True,149.77999877929688,149.9199981689453,146.2100067138672,148.0,-0.0300170518815823,145.24,145.37,141.82,143.48,0.9870196323484928,1.9705067363395834,5.314197806811638,0.0
2019-08-23,IWM,False,77.0,78.0,True,149.22000122070312,150.11000061035156,144.92999267578125,145.42999267578125,-0.0306605754911889,144.7,145.56,140.54,141.0,0.9995583736576708,1.549524586845763,1.7627504944583983,0.0
2020-02-24,IWM,False,77.0,78.0,True,161.86000061035156,167.05999755859375,161.10000610351562,162.07000732421875,-0.0301017270830072,158.06,159.05,157.33,158.19,0.29566943780151894,-245.95334807912207,5.518780628326336,0.0
2020-02-25,IWM,False,76.0,78.0,True,162.52000427246094,162.75999450683594,155.9600067138672,156.30999755859375,-0.0355402573290577,158.72,158.97,152.33,152.77,0.9990992293080003,-6.532938104887309,-6.425036097905679,0.0
2020-02-27,IWM,False,77.0,78.0,True,151.35000610351562,155.00999450683594,148.82000732421875,149.05999755859375,-0.0352103717890371,147.81,151.39,145.35,145.59,0.9990259116339598,-0.7586303855555698,-0.38502448644339715,0.0
2020-03-02,IWM,False,78.0,78.0,True,147.97000122070312,151.22999572753906,145.38999938964844,151.02999877929688,0.0321191614120839,144.51,147.7,142.0,147.61,0.9986417522754513,-7.135603217409692,-6.876646474353043,0.0
2020-03-05,IWM,False,77.0,78.0,True,148.83999633789062,152.47999572753906,145.49000549316406,147.32000732421875,-0.0318085976695851,145.38,146.37,142.1,143.83,0.6256962575344264,-167.7830445218387,3.988158027992128,0.0
2020-03-09,IWM,True,74.0,78.0,True,134.1300048828125,136.1699981689453,130.25999450683594,130.36000061035156,-0.0972298745123052,130.99,133.01,127.22,127.63,1.0006504576335153,-23.12694259916981,-24.47134911537252,0.0
2020-03-10,IWM,False,77.0,78.0,False,134.7100067138672,134.8000030517578,128.02000427246094,134.42999267578125,0.0312211724944293,131.14,131.61,125.04,131.29,0.992202416744922,-3.1422185646801104,0.8210043266121403,0.0
2020-03-11,IWM,False,78.0,78.0,True,130.9199981689453,132.27000427246094,124.16999816894533,125.87999725341795,-0.0636018439946224,127.88,129.19,121.27,123.0,1.000671310860859,-4.1634966447878785,-4.8730123912410495,0.0
2020-03-12,IWM,True,74.0,78.0,True,116.7699966430664,119.9000015258789,111.5999984741211,111.97000122070312,-0.1105020363538111,114.04,117.1,109.01,109.13,1.000064007683817,20.634789415721055,22.12185193975147,0.0
2020-03-13,IWM,False,74.0,78.0,False,118.30999755859376,119.95999908447266,109.5500030517578,119.47000122070312,0.0669822266520905,114.28,117.16,106.99,116.9,0.9984233882658655,-18.6963876448798,-18.974836767515768,0.0
2020-03-16,IWM,True,72.0,78.0,False,108.62000274658205,111.3000030517578,101.43000030517578,103.62000274658205,-0.1326692752337096,103.51,108.71,99.07,100.88,1.0032248618523019,32.58494138948631,32.617668468315486,0.0
2020-03-17,IWM,False,75.0,78.0,True,104.95999908447266,110.5,100.61000061035156,108.37000274658205,0.0458405701032147,102.53,107.61,98.25,106.32,0.9646587331861919,-73.76689549886461,-46.27761507006611,0.0
2020-03-18,IWM,False,74.0,77.0,True,103.0500030517578,106.77999877929688,96.25,99.97000122070312,-0.0775122387467489,100.63,104.28,94.0,95.47,1.0222745963716156,226.19066494705908,226.56752416530645,0.0
2020-03-19,IWM,False,76.0,78.0,True,99.66000366210938,106.8000030517578,95.69000244140624,103.87000274658205,0.0390117182980611,97.33,104.3,93.47,101.44,0.9981487710595135,-0.1394000341581325,1.9937675582171188,0.0
2020-03-24,IWM,False,73.0,78.0,True,105.37000274658205,109.33000183105467,99.93000030517578,109.04000091552734,0.0914914839844196,102.92,106.79,102.29,106.63,0.4895432051466559,-11.559925816637673,467.51825929942424,0.0
2020-03-26,IWM,False,76.0,78.0,True,111.54000091552734,117.5999984741211,111.1999969482422,116.80999755859376,0.0621987474944476,109.36,115.3,109.04,114.59,0.9970743661885314,-5.633146644508091,-4.273538140872057,0.0
2020-03-27,IWM,False,76.0,78.0,True,112.25,116.0199966430664,110.87000274658205,112.55999755859376,-0.0363838720043473,110.06,113.25,108.71,110.34,0.8992909727466141,-42.35916558345099,2.4533101941459634,0.0
2020-04-01,IWM,False,77.0,78.0,True,108.6999969482422,110.37999725341795,105.52999877929688,106.66000366210938,-0.0681460377839667,106.58,108.22,103.46,104.56,1.0011551147308178,1.2243677188261692,0.7497646123133528,0.0
2020-04-06,IWM,False,75.0,78.0,True,109.08999633789062,113.33999633789062,109.0199966430664,112.62999725341795,0.0765627441841911,106.91,111.12,106.9,110.39,0.9966738759250169,3.0716282374831927,4.511345608333439,0.0
2020-04-08,IWM,False,75.0,78.0,True,114.87999725341795,119.23999786376952,113.29000091552734,118.06999969482422,0.0456075239938786,112.65,116.83,111.33,115.86,0.9420023461981449,-15.221039226009925,14.43994998012288,0.0
2020-04-09,IWM,False,75.0,78.0,True,121.91999816894533,124.61000061035156,121.33000183105467,123.72000122070312,0.0478529816251587,119.54,122.19,118.96,121.29,1.0044857031477237,2.249561371372444,1.097723838798803,0.0
2020-04-15,IWM,False,73.0,78.0,True,117.86000061035156,119.11000061035156,116.66000366210938,117.8000030517578,-0.040794679638729,115.56,116.79,114.41,115.49,0.9908600850302587,1.343692968949206,3.291401475475908,0.0
2020-04-17,IWM,False,77.0,78.0,True,121.9000015258789,122.72000122070312,120.05999755859376,122.05999755859376,0.044050925799034,119.52,120.32,117.72,119.73,0.9964637123330867,-4.768742378880031,-4.090910370669887,0.0
2020-04-27,IWM,False,76.0,78.0,True,123.9499969482422,128.44000244140625,123.86000061035156,127.26000213623048,0.0396209323505016,121.53,125.93,121.44,124.9,0.9988727770875914,-10.163369316581461,-10.122366733635868,0.0
2020-04-29,IWM,False,77.0,78.0,True,133.49000549316406,136.85000610351562,131.8800048828125,135.4600067138672,0.0491829143636957,130.87,134.18,129.31,132.71,1.0001840152014667,8.071745392537188,8.306587867121795,0.0
2020-04-30,IWM,False,76.0,78.0,True,131.89999389648438,132.94000244140625,130.13999938964844,130.30999755859375,-0.0380186689799286,129.32,130.33,127.6,127.78,0.9943035619331682,-2.2202353740974345,-1.0423978559748193,0.0
2020-05-01,IWM,False,76.0,78.0,True,127.1500015258789,127.45999908447266,123.29000091552734,125.13999938964844,-0.0396746087468893,124.66,124.97,120.87,122.86,1.0014600517978487,-13.403651556359586,-14.350827603207827,0.0
2020-05-08,IWM,False,76.0,78.0,True,130.16000366210938,132.75,129.19000244140625,132.36000061035156,0.0386063879056139,127.62,130.14,126.67,129.73,0.994480145655329,2.1327676683569052,3.7126060749170797,0.0
2020-05-12,IWM,False,78.0,78.0,True,132.25999450683594,132.2899932861328,126.83999633789062,126.97000122070312,-0.0359149266297852,129.67,129.7,124.35,124.41,1.0018515088876911,5.961219787746774,5.421811476489236,0.0
2020-05-13,IWM,False,74.0,78.0,True,125.6500015258789,126.08000183105467,120.41000366210938,122.72000122070312,-0.0334724734909037,123.2,123.61,118.13,120.25,0.9863428613473428,5.4739561366590195,12.162742851320463,0.0
2020-05-18,IWM,False,76.0,78.0,True,131.4499969482422,133.38999938964844,130.8300018310547,132.67999267578125,0.0607610388029242,128.89,130.78,128.28,130.13,0.9956999071346566,-3.543705519959417,-2.7716318864112743,0.0
2020-05-20,IWM,False,75.0,78.0,True,132.72999572753906,134.97999572753906,132.3800048828125,134.0,0.0302937299351495,130.12,132.35,129.79,131.34,1.0045601197624079,3.7383005552893422,2.9160982203624286,0.0
2020-05-27,IWM,False,76.0,78.0,True,141.57000732421875,143.5,137.3300018310547,143.08999633789062,0.0310563308582239,138.8,140.7,134.65,140.26,1.000335721451534,2.7089982422934256,2.6798750123768755,0.0
2020-06-05,IWM,False,75.0,78.0,True,150.86000061035156,152.32000732421875,149.5500030517578,150.17999267578125,0.0386610172174528,148.01,149.35,146.79,147.23,0.9427038768556834,1.4747243245372132,12.114577345343491,0.0
2020-06-11,IWM,False,77.0,78.0,True,140.14999389648438,141.02999877929688,134.77000427246094,135.02999877929688,-0.0762757863944788,137.41,138.27,132.14,132.55,0.9975554692798794,-12.265426312622063,-11.699677369688688,0.0
2020-06-24,IWM,False,77.0,78.0,True,141.10000610351562,141.60000610351562,136.30999755859375,138.36000061035156,-0.0324475481793596,138.81,139.31,134.1,136.08,1.0013769821624703,3.1153026275898554,2.7018150071200786,0.0
2020-06-29,IWM,False,76.0,78.0,True,138.7100067138672,141.99000549316406,137.10000610351562,141.13999938964844,0.0327065287231329,136.65,139.54,134.88,139.04,0.9673585263145059,-24.11819908462509,-13.336070569813785,0.0
2020-07-15,IWM,False,77.0,78.0,True,145.4199981689453,147.77999877929688,144.7899932861328,147.02999877929688,0.036663589375373,143.07,145.38,142.44,144.63,0.9995923220958118,0.8421670380487356,0.9437464045913835,0.0
2020-09-21,IWM,False,78.0,78.0,True,149.82000732421875,150.25999450683594,146.3300018310547,147.9199981689453,-0.0350316090572448,147.39,147.82,143.95,145.61,1.0003567684352508,-6.318133709937168,-6.583637653718721,0.0
2020-09-23,IWM,False,74.0,78.0,True,148.41000366210938,149.42999267578125,143.97999572753906,144.07000732421875,-0.0334763874688344,146.55,147.57,142.19,142.32,0.9992948742260799,-3.040209860959431,-2.888381833842102,0.0
2020-10-28,IWM,False,77.0,78.0,True,154.66000366210938,155.44000244140625,153.0399932861328,153.30999755859375,-0.0307876807604198,152.74,153.5,151.13,151.4,0.9999540625526854,-0.22595098705391337,-0.2222903850657154,0.0
2020-11-09,IWM,False,76.0,78.0,True,176.9499969482422,178.10000610351562,169.3300018310547,169.5500030517578,0.0362425627156579,174.01,175.89,167.47,167.57,0.9714351613639187,-7.394392433268671,7.017044932737804,0.0
2021-01-06,IWM,False,77.0,78.0,True,199.47999572753903,206.77999877929688,199.16000366210935,204.52999877929688,0.0409180775681363,197.61,204.84,197.29,202.59,1.0003023058037013,1.0419753426105238,0.966177791996703,0.0
2021-02-25,IWM,False,76.0,78.0,True,226.7899932861328,227.58999633789065,218.00999450683597,218.6100006103516,-0.036960349734134,224.5,225.45,216.01,216.45,0.9952194098665704,4.825220326873936,7.1379869641341465,0.0
2021-03-01,IWM,False,77.0,78.0,True,223.47999572753903,226.7100067138672,222.94000244140625,226.07000732421875,0.0355458286491998,221.39,224.58,220.85,224.01,0.9984872687608102,-2.856408575451219,-2.6489027025344836,0.0
2021-03-18,IWM,False,78.0,78.0,True,230.8000030517578,232.92999267578125,224.6100006103516,225.2400054931641,-0.0304334386799107,228.64,230.74,222.49,223.18,1.0007400769270418,-2.5847487295882488,-2.954631772655869,0.0
2021-03-23,IWM,False,77.0,78.0,True,223.16000366210935,223.8600006103516,216.02999877929688,217.05999755859372,-0.0362740235489262,221.07,221.76,214.0,215.08,1.000183356977886,-2.6135919702285904,-2.7747792351195955,0.0
2021-05-12,IWM,False,77.0,78.0,True,217.1000061035156,218.7700042724609,211.5399932861328,211.8500061035156,-0.0324716861177428,215.46,217.12,209.94,210.26,1.0005926486254337,-0.37126648073426693,-0.5865109872560392,0.0
2021-07-20,IWM,False,75.0,78.0,True,212.1999969482422,219.2700042724609,211.25999450683597,218.3000030517578,0.0310301207046415,210.92,217.95,209.98,216.9,1.0014273899989012,3.9575003016945054,3.5663497554905277,0.0
2021-11-26,IWM,False,41.0,42.0,True,224.9600067138672,226.1699981689453,219.63999938964844,222.8500061035156,-0.0376975371729545,224.28,225.49,218.97,222.32,1.0008491212341872,-6.297689998207012,-6.7373709055817965,0.0
2022-01-05,IWM,False,75.0,78.0,False,224.8699951171875,225.91000366210935,217.32000732421875,217.3600006103516,-0.0338696562445296,224.98,225.91,217.32,217.36,1.0000004291306002,-0.00013402457366140652,-0.0003089443800785574,0.0
2022-01-18,IWM,False,73.0,76.0,True,212.1999969482422,212.44000244140625,207.52999877929688,207.8300018310547,-0.0302365535969333,212.25,212.44,208.03,208.55,0.8950655061145858,-34.52412166734309,-10.514224505098202,0.0
2022-01-31,IWM,False,74.0,78.0,True,194.38999938964844,201.2400054931641,193.8500061035156,201.2400054931641,0.0306786452914933,194.39,201.17,193.85,201.1,0.9912174258585029,3.480855295872054,6.961668670746324,0.0
2007-02-27,SPY,False,71.0,78.0,True,143.8800048828125,144.1999969482422,139.0,139.5,-0.0390576444200729,107.77,107.81,104.31,104.98,0.8944016562543422,-65.14726252170976,-28.080031688118012,0.0
2007-11-13,SPY,False,78.0,78.0,True,145.3699951171875,148.30999755859375,145.22000122070312,148.0800018310547,0.030480201641132,110.23,112.55,110.19,112.48,1.005483947938869,-9.294092028991896,-10.658728436859777,0.0
2007-11-28,SPY,False,75.0,78.0,True,144.19000244140625,147.47000122070312,144.13999938964844,147.1300048828125,0.0319842696523389,109.45,111.91,109.39,111.75,0.9963450925615389,-8.770624629913515,-8.128871549998307,0.0
2008-03-11,SPY,False,78.0,78.0,True,130.72000122070312,132.72000122070312,128.9499969482422,132.60000610351562,0.0359375476837158,99.83,101.26,98.4,101.18,0.9941983996701438,-1.1416710294775978,0.5211167233110103,0.0
2008-03-18,SPY,False,77.0,78.0,True,130.6199951171875,133.69000244140625,129.97999572753906,133.6300048828125,0.0415432712726007,99.69,101.97,99.14,101.95,0.9998353652358215,-2.5269463562704875,-2.5520812020196626,0.0
2008-04-01,SPY,False,76.0,78.0,True,133.61000061035156,136.83999633789062,133.50999450683594,136.61000061035156,0.0351595009981746,102.38,104.92,102.3,104.89,1.024720033577526,-13.952307143552112,-20.465967655012296,0.0
2008-06-06,SPY,False,75.0,77.0,True,139.5500030517578,139.8000030517578,136.22000122070312,136.2899932861328,-0.031893774201569,107.01,107.19,104.61,104.72,0.9379307918530952,-21.128581158362802,-5.371435293505256,0.0
2008-09-04,SPY,False,76.0,78.0,True,126.97000122070312,127.2300033569336,123.95999908447266,124.02999877929688,-0.0301063384173492,97.83,98.01,95.51,95.56,0.992298390483204,-1.5783227383026066,0.41168887812137456,0.0
2008-09-15,SPY,True,76.0,78.0,True,121.62999725341795,125.6500015258789,119.88999938964844,120.08999633789062,-0.0475850596737384,93.72,95.72,92.26,92.41,0.7806229507596351,-100.16279388406768,0.4226167197662889,0.0
2008-09-16,SPY,True,78.0,78.0,True,117.1999969482422,122.31999969482422,117.0,122.0999984741211,0.016737465213797,90.19,94.18,90.14,94.06,0.9857809967164812,-5.250843026660679,0.9757932809528747,0.0
2008-09-17,SPY,True,75.0,77.0,True,119.63999938964844,121.8499984741211,116.0,116.61000061035156,-0.0449631280293023,92.19,92.8,89.66,89.73,0.6975446709021793,-102.61240827959651,44.744054696772565,0.0
2008-09-18,SPY,True,78.0,78.0,True,118.0500030517578,121.79000091552734,113.8000030517578,120.06999969482422,0.0296715467486714,90.96,93.85,87.68,92.88,0.9982763987232168,-38.26588352150884,-39.742409162026874,0.0
2008-09-19,SPY,True,77.0,78.0,True,126.6999969482422,128.0,123.33000183105467,124.12000274658205,0.0337303494798992,98.61,99.18,95.57,97.02,0.9889424013321126,-87.23888083158604,-86.35520094869231,0.0
2008-09-22,SPY,True,74.0,78.0,True,124.4499969482422,124.75,120.36000061035156,121.30999755859376,-0.0226394225411477,96.45,96.68,93.26,93.49,1.0108648150207775,56.052259800247754,54.13388221952253,0.0
2008-09-23,SPY,True,77.0,78.0,True,120.8499984741211,122.0199966430664,118.27999877929688,118.5500030517578,-0.0227515832361865,93.63,94.57,91.7,91.88,0.9901275061684073,0.0682327121737103,3.1920596686640934,0.0
2008-09-24,SPY,True,75.0,78.0,True,119.3499984741211,120.0,117.79000091552734,118.93000030517578,0.00320537531536,92.48,92.88,91.29,92.22,0.9278362425793658,-18.23679937041245,-5.039456163669076,0.0
2008-09-25,SPY,True,76.0,78.0,True,119.4000015258789,121.91000366210938,118.44000244140624,120.79000091552734,0.0156394568702495,92.51,94.55,92.11,93.78,0.9056928827613405,-10.518543897372057,16.802958065855744,0.0
2008-09-26,SPY,True,75.0,78.0,True,118.83000183105467,121.5,118.51000213623048,120.8499984741211,0.0004967096459889,92.08,94.15,91.87,94.06,0.9797282791157975,-43.980896233380975,-39.97599177766431,0.0
2008-09-29,SPY,True,74.0,78.0,True,119.13999938964844,119.33999633789062,110.97000122070312,111.37999725341795,-0.0783616163862098,92.36,92.47,85.99,87.43,0.9862715955262666,-128.99068128377712,-128.36514815907861,0.0
2008-09-30,SPY,True,78.0,78.0,True,113.51000213623048,116.8000030517578,110.52999877929688,115.98999786376952,0.0413898430959971,87.98,90.73,87.26,90.58,0.7086794869861612,-52.90465325624049,109.35081049693763,0.0
2008-10-01,SPY,True,73.0,78.0,True,115.2699966430664,116.69000244140624,113.9499969482422,116.05999755859376,0.0006034976818125,89.27,90.36,88.3,89.91,0.9704883945414214,-4.209787738713722,2.7852521077420533,0.0
2008-10-02,SPY,True,78.0,78.0,True,114.9499969482422,115.11000061035156,111.05999755859376,111.8499984741211,-0.0362743337328368,89.08,89.2,86.04,86.24,1.011949795144296,50.30016762029854,47.77674566984524,0.0
2008-10-03,SPY,True,74.0,78.0,True,112.86000061035156,115.4499969482422,109.68000030517578,110.33999633789062,-0.0135002427968726,87.44,89.42,84.98,85.22,0.9963199921852711,28.41216649145384,31.842823234757844,0.0
2008-10-06,SPY,True,75.0,78.0,True,107.1500015258789,107.62000274658205,100.63999938964844,104.72000122070312,-0.050933435777699,83.02,83.39,77.97,82.38,0.9870780763084493,-150.16793538400242,-151.62085655371692,0.0
2008-10-07,SPY,True,77.0,78.0,True,106.83999633789062,107.33000183105467,99.6500015258789,100.02999877929688,-0.0447861190482782,82.76,83.19,77.24,77.33,1.0021621168452661,26.10482305799966,26.450377179523255,0.0
2008-10-08,SPY,True,74.0,77.0,False,97.5199966430664,102.18000030517578,96.80999755859376,97.51000213623048,-0.0251924090154839,77.35,79.2,75.14,76.73,0.9608055288499951,-149.84079999553978,-136.41141560834848,0.0
2008-10-09,SPY,True,76.0,78.0,True,99.66000366210938,100.62000274658205,90.25,90.6999969482422,-0.0698390425473899,77.2,77.95,69.97,70.6,0.988613624431719,-47.45004607849768,-39.81890645514574,0.0
2008-10-10,SPY,True,74.0,78.0,True,86.76000213623047,93.94000244140624,83.58000183105469,88.5,-0.0242557554825234,67.26,71.47,64.86,70.17,0.8046990204374775,-404.5574594896506,-212.62198693616563,0.0
2008-10-13,SPY,False,77.0,78.0,True,93.87000274658205,101.3499984741211,89.94999694824219,101.3499984741211,0.1451977228714247,72.72,78.87,72.19,78.75,0.754127428781891,15.238095238094829,328.7810873048569,0.0
2008-10-15,SPY,False,73.0,77.0,True,97.45999908447266,97.8000030517578,89.70999908447266,90.0199966430664,-0.098447691349764,75.5,75.82,70.55,70.57,0.8309612187806683,-110.74019168529792,31.711660362867544,0.0
2008-10-16,SPY,False,77.0,78.0,True,91.29000091552734,94.7699966430664,86.54000091552734,93.7699966430664,0.041657411018009,70.73,73.43,67.05,73.15,0.9937351206725243,-67.6450148667751,-68.12015794420701,0.0
2008-10-20,SPY,False,75.0,77.0,True,95.3499984741211,99.0999984741211,94.08999633789062,98.80999755859376,0.0600793748431005,73.94,76.14,73.22,76.05,0.7572627784429439,-17.46377495849827,110.8564174690585,0.0
2008-10-22,SPY,False,77.0,78.0,True,93.1999969482422,95.86000061035156,87.52999877929688,90.63999938964844,-0.0544544250726766,72.25,72.48,67.58,69.6,0.7660579738477674,-153.28401282580285,54.76487565292398,0.0
2008-10-24,SPY,False,75.0,78.0,True,84.05999755859375,89.91999816894531,84.0,87.04000091552734,-0.0507143789078907,65.23,69.69,65.08,68.0,0.9967570755378518,-79.71499613664056,-83.04751473648508,0.0
2008-10-27,SPY,False,74.0,76.0,True,85.97000122070312,89.51000213623047,83.69999694824219,83.94999694824219,-0.0355009643242538,66.61,69.67,66.23,67.57,0.7356118016491697,-329.6763645404599,-169.03661373390833,0.0
2008-10-28,SPY,False,77.0,78.0,True,87.33999633789062,94.23999786376952,84.52999877929688,93.76000213623048,0.1168553370411253,67.75,73.03,65.54,72.91,0.9919576682998142,-34.55851560483225,-29.290005182429635,0.0
2008-10-30,SPY,False,77.0,77.0,True,95.77999877929688,96.54000091552734,92.9000015258789,96.3000030517578,0.0345939101564223,74.23,74.79,72.02,73.62,0.9954259218780137,133.66918068075552,140.6988054502789,0.0
2008-11-04,SPY,False,75.0,78.0,True,99.05999755859376,100.86000061035156,96.70999908447266,100.41000366210938,0.0339821133870537,76.76,78.33,76.06,77.92,0.7048645026937624,7.767312072917143,134.74861819253726,0.0
2008-11-05,SPY,False,78.0,78.0,True,99.1999969482422,100.70999908447266,95.0,96.19000244140624,-0.0420276971097809,76.88,77.81,73.42,73.75,1.00275859401983,76.9878378842881,79.95715146910997,0.0
2008-11-06,SPY,False,77.0,78.0,True,94.45999908447266,95.44000244140624,90.05999755859375,90.86000061035156,-0.0554111830312243,73.15,74.0,69.81,70.23,1.0075843657526249,31.164327226873567,28.495273022033363,0.0
2008-11-07,SPY,False,70.0,78.0,True,91.6500015258789,94.0,90.5,93.86000061035156,0.033017829406202,71.01,72.56,70.37,72.42,0.810957515037952,4.409332509400787,77.69021248127616,0.0
2008-11-11,SPY,False,78.0,78.0,True,90.76000213623048,92.13999938964844,88.6500015258789,89.7699966430664,-0.0308755337920084,70.36,71.39,68.67,69.9,1.000916332904884,-49.5388109083017,-51.84981304617975,0.0
2008-11-12,SPY,False,77.0,78.0,True,88.2300033569336,88.94999694824219,85.12000274658203,85.81999969482422,-0.044001304399595,68.32,68.91,66.02,66.28,0.9770251319366858,30.9559049010244,42.68636799692915,0.0
2008-11-13,SPY,False,76.0,77.0,False,86.12999725341797,91.7300033569336,82.08999633789062,91.16999816894533,0.0623397633785327,67.0,70.32,63.64,70.3,0.8986606664009381,-58.22171131246723,53.94617243779764,0.0
2008-11-14,SPY,False,78.0,78.0,True,89.41000366210938,92.05999755859376,86.5199966430664,86.62000274658203,-0.0499067183694769,69.3,71.58,67.45,67.73,0.9534047969827716,-56.07471374234674,-29.829674486927527,0.0
2008-11-19,SPY,False,77.0,78.0,True,85.91000366210938,86.87000274658203,80.91999816894531,81.5,-0.0640790274887744,66.57,67.28,62.72,62.87,0.993485862059559,39.92100918527086,47.64619093504008,0.0
2008-11-20,SPY,False,74.0,77.0,True,80.12999725341797,82.51000213623047,75.05000305175781,75.44999694824219,-0.0742331662792369,62.09,63.78,58.49,58.5,0.9145769639546159,-30.31866478076184,51.57847373325808,0.0
2008-11-21,SPY,False,73.0,78.0,True,77.45999908447266,80.9000015258789,74.33999633789062,79.5199966430664,0.0539430067520902,60.18,62.7,57.6,62.54,0.9885177441275328,-145.4343475213593,-148.1356322027183,0.0
2008-11-24,SPY,False,75.0,77.0,True,81.91999816894531,86.98999786376953,80.36000061035156,85.02999877929688,0.0692907742559731,63.49,67.88,62.85,66.5,0.9700746686666321,-22.47002917319163,0.36561542409829784,0.0
2008-11-26,SPY,False,74.0,78.0,True,84.30000305175781,89.19000244140625,84.23999786376953,88.97000122070312,0.038641109235183,65.33,69.13,65.27,69.03,1.0050494430676644,-10.21585658064983,-13.783237960681705,0.0
2008-12-01,SPY,False,76.0,78.0,True,87.51000213623047,87.55000305175781,81.86000061035156,82.11000061035156,-0.0885780447543739,67.83,67.87,63.46,63.55,1.0013978097962286,16.1814643340219,16.334618010311885,0.0
2008-12-02,SPY,False,74.0,77.0,True,83.47000122070312,85.48999786376953,82.04000091552734,85.2699966430664,0.0384849105982891,64.57,66.07,63.6,65.6,0.9306162867329081,45.72781830304295,76.82846183563407,0.0
2008-12-05,SPY,False,78.0,78.0,True,83.6500015258789,88.41999816894531,82.23999786376953,87.93000030517578,0.0308323230870479,64.78,68.5,63.77,68.24,0.9862129494071087,-17.527408956079515,-8.484116211229242,0.0
2008-12-08,SPY,False,75.0,78.0,True,90.33999633789062,92.37999725341795,88.08000183105469,91.0,0.0349141326528974,70.04,71.77,69.56,70.78,0.6607772991162663,-11.602086664888045,153.43732509569998,0.0
2008-12-16,SPY,False,75.0,77.0,True,91.87999725341795,92.0199966430664,88.18000030517578,91.87999725341795,0.0470654957654468,68.44,71.19,68.3,70.99,0.9740714848878544,12.916101562441273,24.76971700650976,0.0
2009-01-02,SPY,False,77.0,78.0,True,90.44000244140624,93.44000244140624,89.8499984741211,92.95999908447266,0.0301418582124677,70.66,73.0,70.2,72.62,0.9983963141376367,0.6881557688953599,1.3564125194998056,0.0
2009-01-14,SPY,False,76.0,78.0,True,85.54000091552734,85.75,83.16000366210938,84.37000274658203,-0.0314544580940334,66.79,66.96,65.21,65.82,0.8661020847297293,9.47966387901511,51.477057372812936,0.0
2009-01-20,SPY,False,78.0,78.0,True,84.2300033569336,85.05999755859375,80.05000305175781,80.56999969482422,-0.0527862449170256,65.83,66.0,62.55,62.69,0.8850278505711414,-27.738421522360834,42.48180105136168,0.0
2009-01-21,SPY,False,78.0,78.0,True,81.94000244140625,84.23999786376953,80.47000122070312,84.05000305175781,0.0431922970102374,64.02,65.83,62.85,65.68,1.0115326142036885,0.23250302499722153,-5.159601189379526,0.0
2009-01-28,SPY,False,73.0,78.0,True,86.4000015258789,87.94999694824219,86.06999969482422,87.38999938964844,0.0338341494339644,67.51,68.51,67.24,68.28,0.8645990022999002,-30.20191758060564,-1.286435710184941,0.0
2009-01-29,SPY,False,78.0,78.0,True,86.11000061035156,87.48999786376953,84.47000122070312,84.55000305175781,-0.032497955804163,67.27,67.49,65.88,65.97,0.683260885322015,-113.37263067613623,-4.18445104775067,0.0
2009-02-10,SPY,False,76.0,78.0,False,86.2699966430664,87.02999877929688,82.44999694824219,83.11000061035156,-0.0458093907424697,67.48,68.03,64.41,64.78,1.014040406590588,28.68142018958908,22.475356625122345,0.0
2009-02-17,SPY,False,73.0,78.0,True,80.16000366210938,82.95999908447266,79.16999816894531,79.22000122070312,-0.0427742970535474,62.63,63.01,61.78,61.82,0.4158834524410147,-267.00309979476697,-0.15857540209052168,0.0
2009-02-23,SPY,False,76.0,78.0,True,78.2699966430664,78.2699966430664,74.58999633789062,74.6500015258789,-0.0357788259956005,61.13,61.15,58.28,58.4,0.9968986683492751,-13.389310338803861,-12.5198056965925,0.0
2009-02-24,SPY,False,74.0,78.0,True,75.29000091552734,77.94999694824219,74.69999694824219,77.4800033569336,0.0379102715768011,58.72,60.92,58.35,60.58,1.0113701329574085,-4.508503968729816,-9.65150229147893,0.0
2009-03-02,SPY,False,78.0,78.0,True,72.5199966430664,73.91999816894531,70.37000274658203,70.5999984741211,-0.045042632453791,56.67,57.01,54.83,55.03,0.7878324761877606,-105.49044109148254,-3.778823630363748,0.0
2009-03-05,SPY,False,78.0,78.0,True,70.0999984741211,71.7300033569336,68.16999816894531,68.80000305175781,-0.0408476253736653,54.76,55.42,53.11,53.61,0.832729594324077,-84.64379746475181,-1.711379776909716,0.0
2009-03-10,SPY,False,73.0,78.0,True,69.51000213623047,72.37000274658203,69.37000274658203,72.16999816894531,0.0596094189136844,54.32,56.54,54.18,56.4,1.0066264520018375,-2.882298095802094,-5.872646173202822,0.0
2009-03-12,SPY,False,75.0,78.0,True,72.62000274658203,75.75,71.97000122070312,75.5,0.0393722554292741,56.76,59.18,56.22,59.02,1.0017233516486157,-5.9833160544109365,-7.202707428233257,0.0
2009-03-17,SPY,False,75.0,77.0,True,76.06999969482422,78.36000061035156,75.44999694824219,78.18000030517578,0.0305826479852102,59.42,60.91,59.01,60.85,0.8388709414247414,-13.133280111764511,48.50547138125272,0.0
2009-03-23,SPY,False,76.0,76.0,True,78.73999786376953,82.29000091552734,78.30999755859375,82.22000122070312,0.0718289949418833,61.88,64.32,61.62,64.31,0.8673198680975602,-6.952818822371087,60.126757543563784,0.0
2009-03-30,SPY,False,73.0,78.0,True,79.80000305175781,79.87000274658203,77.95999908447266,78.79000091552734,-0.0345545849005486,62.77,62.83,61.34,62.0,0.9913602117465358,-3.1591915728090836,-1.119861064429184,0.0
2009-04-09,SPY,False,76.0,78.0,True,84.66999816894531,85.81999969482422,84.33000183105469,85.80999755859375,0.0397431095094076,66.62,67.53,66.33,67.52,1.0235311307480743,0.31539156744475605,-3.8366706299086673,0.0
2009-04-20,SPY,False,78.0,78.0,True,85.54000091552734,87.05000305175781,83.33999633789062,83.43000030517578,-0.0419154966597306,67.3,67.41,65.41,65.48,0.6868610264723268,-133.36390027182898,0.09778037332042189,0.0
2009-05-04,SPY,False,76.0,78.0,True,88.55000305175781,90.94000244140624,88.37999725341797,90.87999725341795,0.034019773404637,69.68,71.55,69.56,71.55,0.9873494716851361,-6.5983270703051655,-3.1251154933009673,0.0
2010-02-04,SPY,False,75.0,78.0,True,108.9800033569336,109.02999877929688,106.41999816894533,106.44000244140624,-0.0308658775665239,87.1,87.15,85.06,85.1,1.0015692742822817,-2.378288033916265,-2.8214885824728864,0.0
2010-05-06,SPY,True,75.0,78.0,True,116.26000213623048,117.0,105.0,112.94000244140624,-0.0332134674161437,93.3,93.92,88.26,90.69,0.5873859795441972,-3.2089881686991895,467.9831508472243,0.0
2010-05-10,SPY,False,74.0,76.0,True,115.80999755859376,116.6500015258789,114.91000366210938,116.16000366210938,0.0440409979489231,92.92,93.65,92.26,92.81,0.9998340653998535,48.121487139880514,48.87528176664935,0.0
2010-05-20,SPY,False,76.0,78.0,True,109.37999725341795,109.88999938964844,107.47000122070312,107.54000091552734,-0.0377594948106669,87.81,88.19,86.25,86.31,0.9988392773646704,-0.688659698373506,-0.44279656436163606,0.0
2010-05-27,SPY,False,74.0,77.0,True,109.19000244140624,110.8000030517578,108.77999877929688,110.76000213623048,0.033498218051901,87.64,88.71,87.3,88.65,0.8721095458131624,3.1555552311002266,26.96293620880086,0.0
2010-06-04,SPY,False,76.0,78.0,True,108.61000061035156,109.33000183105467,106.45999908447266,106.81999969482422,-0.0351368387843661,87.17,87.76,85.48,85.88,0.9881276938899107,-15.696000705635038,-12.918544864480852,0.0
2010-06-29,SPY,False,75.0,78.0,True,106.0199966430664,107.51000213623048,103.5500030517578,104.20999908447266,-0.0308751021344141,85.51,85.55,83.42,83.95,0.6676874443283202,-122.2089516481506,0.20173354719155157,0.0
2010-07-07,SPY,False,77.0,78.0,True,103.12999725341795,106.23999786376952,103.0199966430664,106.11000061035156,0.0314960413848846,83.17,85.68,83.08,85.61,1.0008042284724494,-4.06957768084637,-4.448147016906656,0.0
2011-08-04,SPY,False,75.0,78.0,True,124.41999816894533,124.62000274658205,120.05999755859376,120.26000213623048,-0.0468415322064218,102.29,102.48,98.76,98.86,0.9923804595418476,3.4996515230889536,6.526553711028171,0.0
2011-08-08,SPY,False,76.0,78.0,True,116.91000366210938,120.12000274658205,112.0199966430664,112.26000213623048,-0.0651232476314123,96.14,97.4,92.17,92.19,0.7862444157410239,-126.18798378410179,19.251155842490153,0.0
2011-08-09,SPY,False,75.0,77.0,True,114.06999969482422,117.63999938964844,110.2699966430664,117.4800033569336,0.0464992082787287,93.91,95.81,91.03,95.7,0.7961818249468271,-2.121858740836702,133.96018942750442,0.0
2011-08-10,SPY,False,74.0,77.0,True,115.26000213623048,116.27999877929688,111.9499969482422,112.29000091552734,-0.0441777518990846,94.83,95.64,92.68,92.76,0.8275304372729911,-43.31209392951063,21.720456106517627,0.0
2011-08-11,SPY,False,75.0,77.0,True,113.26000213623048,118.91999816894533,112.31999969482422,117.33000183105467,0.0448837908490071,93.16,98.01,92.8,97.1,0.953858020263569,-41.23824294735678,-16.54809314731387,0.0
2011-08-18,SPY,False,78.0,78.0,True,116.5,119.70999908447266,113.38999938964844,114.51000213623048,-0.0431185435921054,95.84,95.92,93.15,94.17,0.5329587099309697,-256.6210268227731,-10.610237105748155,0.0
2011-08-23,SPY,False,77.0,78.0,True,113.1500015258789,116.56999969482422,112.58000183105467,116.44000244140624,0.0329104849995063,93.05,95.87,92.57,95.84,1.0048394509431484,-8.025135611239298,-10.024729318235392,0.0
2011-09-22,SPY,False,76.0,78.0,True,113.25,114.20999908447266,111.3000030517578,112.86000061035156,-0.032324416803979,93.67,94.43,92.07,93.37,0.9802848607077321,-6.0182714751155775,-1.0209973521813076,0.0
2011-10-10,SPY,False,73.0,78.0,True,117.68000030517578,119.62999725341795,117.66999816894533,119.58000183105467,0.033445707174855,97.34,98.8,97.3,98.79,0.9263624888259551,-3.167345902642671,9.045508453884299,0.0
2011-10-27,SPY,False,74.0,78.0,True,127.62999725341795,129.4199981689453,126.61000061035156,128.6300048828125,0.034835090303672,105.55,107.04,104.68,106.33,1.01599725045531,5.324609937780167,1.8923359924705174,0.0
2011-11-09,SPY,False,76.0,78.0,True,124.88999938964844,125.8000030517578,122.86000061035156,123.16000366210938,-0.0369095534304325,103.32,103.76,101.61,101.8,0.8847339320330976,-21.362947099110574,5.7086635079994785,0.0
2011-11-30,SPY,False,74.0,78.0,True,123.48999786376952,125.22000122070312,120.0,124.98999786376952,0.041149476771624,102.08,103.64,101.9,103.53,0.4024275367356268,-7.762516994694879,251.8438957452873,0.0
2011-12-20,SPY,False,73.0,78.0,True,122.18000030517578,124.13999938964844,120.37000274658205,123.93000030517578,0.0302601992014663,101.67,103.38,101.67,103.21,0.544640358093818,-0.47290221330653637,142.13123488324266,0.0
2015-08-21,SPY,False,73.0,78.0,True,201.72999572753903,203.94000244140625,197.5200042724609,197.8300018310547,-0.0301024628764144,179.33,180.12,175.59,175.6,0.7949337597239158,-49.906504939765114,15.12411941562819,0.0
2015-08-24,SPY,True,75.0,78.0,True,187.4900054931641,197.47999572753903,182.3999938964844,189.5,-0.0421068682907279,166.5,174.11,162.17,168.46,0.8906669771450199,-82.25302295245984,1.3382414222395944,0.0
2015-08-26,SPY,False,77.0,78.0,True,192.0800018310547,194.7899932861328,188.3699951171875,194.4600067138672,0.0383937751768588,170.76,173.14,167.47,172.94,0.9930771666059789,-5.395519482152,-3.2199789897047193,0.0
2016-06-24,SPY,False,76.0,78.0,True,203.6300048828125,210.8500061035156,202.72000122070312,203.2400054931641,-0.0359090752483199,184.95,187.93,184.11,184.59,0.5173370528218295,-186.50910190135872,-0.4189231483797684,0.0
2018-02-05,SPY,True,77.0,78.0,True,273.45001220703125,275.8500061035156,263.3099975585937,263.92999267578125,-0.0418225413712867,256.0,258.22,247.13,247.3,0.9438399222900551,-9.631487779514503,16.655776922871457,0.0
2018-02-08,SPY,False,76.0,77.0,True,268.010009765625,268.1700134277344,257.5899963378906,257.6300048828125,-0.0375089029075439,250.84,251.02,242.54,242.96,0.8499064905813289,-74.33131925382197,-15.73629408278654,0.0
2018-10-10,SPY,False,76.0,78.0,True,286.8299865722656,286.9100036621094,277.8800048828125,278.29998779296875,-0.0316632091049844,272.02,272.09,263.53,263.81,1.000018435676336,4.348755548315708,4.484082003202161,0.0
2018-10-24,SPY,False,76.0,76.0,True,273.3299865722656,273.760009765625,264.70001220703125,265.32000732421875,-0.030298521512992,259.22,259.63,252.74,252.78,0.798212330571271,-45.66718899608691,21.836447116321267,0.0
2018-12-04,SPY,False,75.0,78.0,True,278.3699951171875,278.8500061035156,269.8999938964844,270.25,-0.0324023923684416,263.99,264.43,255.96,256.52,0.9970208811104716,-9.561790655242541,-8.890974185130629,0.0
2018-12-26,SPY,False,76.0,77.0,True,235.97000122070312,246.17999267578125,233.75999450683597,246.17999267578125,0.0505248635440735,225.1,233.76,223.1,233.58,0.9045920636885799,7.706139224248343,58.807159324640864,0.0
2019-01-04,SPY,False,76.0,78.0,True,247.58999633789065,253.1100006103516,247.1699981689453,252.38999938964844,0.0334957309319656,236.16,241.41,235.76,240.82,0.9968766300216786,-4.0162440974667035,-3.36215276591334,0.0
2019-08-05,SPY,False,76.0,78.0,True,288.0899963378906,288.2099914550781,281.7200012207031,283.82000732421875,-0.0300730911756202,277.37,277.48,271.32,273.45,0.985148608091407,-7.187640702013276,-3.9319039328888916,0.0
2020-02-24,SPY,False,76.0,78.0,True,323.1400146484375,333.5599975585937,321.239990234375,322.4200134277344,-0.0331653988072082,314.06,316.71,312.23,313.37,0.37413782922853756,-230.94874034092717,0.22103105602022666,0.0
2020-02-25,SPY,False,77.0,78.0,True,323.94000244140625,324.6099853515625,311.69000244140625,312.6499938964844,-0.0303021497560969,315.43,315.44,302.94,303.93,0.9952517004432455,-3.689362261340978,-1.8740554197438364,0.0
2020-02-27,SPY,False,75.0,78.0,True,305.4599914550781,311.5599975585937,297.510009765625,297.510009765625,-0.044911686145666,296.89,300.95,289.17,289.2,0.8625268774321059,-62.984906391235775,-1.037344398339135,0.0
2020-03-02,SPY,False,77.0,78.0,True,298.2099914550781,309.1600036621094,294.4599914550781,309.0899963378906,0.0433065083013248,289.82,300.48,286.2,300.4,0.9995293084139338,0.39807615247688943,0.6529272259281349,0.0
2020-03-04,SPY,False,76.0,78.0,True,306.1199951171875,313.1000061035156,303.3299865722656,312.8599853515625,0.0420330253386167,297.53,304.31,294.81,304.14,1.0002410000855044,-2.0806990648192247,-2.225340965944511,0.0
2020-03-05,SPY,False,75.0,78.0,True,304.9800109863281,308.4700012207031,300.010009765625,302.4599914550781,-0.0332416876028356,296.42,299.81,291.58,293.96,1.0009436014318913,0.2964869104604695,0.03876109711198339,0.0
2020-03-09,SPY,True,74.0,78.0,True,275.29998779296875,284.19000244140625,273.45001220703125,274.2300109863281,-0.0780944703020949,267.57,276.21,265.78,266.69,0.9985933546870783,-6.011351998564951,-5.6949808023010196,0.0
2020-03-10,SPY,False,78.0,78.0,True,284.6400146484375,288.5199890136719,273.5,288.4200134277344,0.0517448925096448,276.64,280.42,265.83,280.34,0.9993692920806926,-0.612429336452891,-0.2996923043385724,0.0
2020-03-11,SPY,False,76.0,78.0,True,280.70001220703125,281.94000244140625,270.8800048828125,274.3599853515625,-0.0487484481713843,272.82,274.04,263.27,266.65,1.0019357090799634,0.8391584655198514,0.08307354705472392,0.0
2020-03-12,SPY,True,72.0,78.0,True,256.0,266.6600036621094,247.67999267578125,248.1100006103516,-0.0956771619140248,248.81,257.52,240.73,241.12,0.9102596075507761,-62.79800745303321,1.1588317874888787,0.0
2020-03-13,SPY,False,73.0,78.0,True,263.0899963378906,271.4800109863281,248.5200042724609,269.32000732421875,0.0854863030981842,255.71,263.47,242.58,263.32,0.9305746131553768,-73.91283638415791,-16.60141671502746,0.0
2020-03-16,SPY,True,74.0,78.0,False,241.17999267578125,256.8999938964844,237.3600006103516,239.8500061035156,-0.1094237354049448,233.55,249.69,230.71,232.69,1.0012299036716579,18.416195672419367,18.919773548302654,0.0
2020-03-17,SPY,False,75.0,78.0,True,245.0399932861328,256.1700134277344,237.07000732421875,252.8000030517578,0.0539920642847646,238.14,247.67,231.0,247.07,0.8930158217044845,-107.5885208769467,-30.062715794033636,0.0
2020-03-18,SPY,False,73.0,76.0,True,236.25,248.3699951171875,228.0200042724609,240.0,-0.050632922853,229.61,241.39,221.63,228.99,1.0176945451116395,186.26265979045263,187.09418819876643,0.0
2020-03-20,SPY,False,75.0,78.0,True,242.52999877929688,244.47000122070312,228.5,228.8000030517578,-0.0486881698163496,237.12,239.0,223.38,223.82,0.9998462330245745,-6.227456215318616,-6.555228186908568,0.0
2020-03-24,SPY,False,76.0,78.0,True,234.4199981689453,244.1000061035156,233.8000030517578,243.1499938964844,0.0906032618288468,229.16,238.63,228.59,238.12,0.9953475425693011,-17.58455836859185,-16.309612908402826,0.0
2020-03-26,SPY,False,77.0,78.0,True,249.5200042724609,262.79998779296875,249.0500030517578,261.20001220703125,0.058389802313383,243.95,256.92,243.48,255.54,0.9991055119798071,-7.20736941715816,-7.111441906675342,0.0
2020-03-30,SPY,False,73.0,78.0,True,255.6999969482422,262.42999267578125,253.52999877929688,261.6499938964844,0.0324757153618651,249.99,256.57,247.85,255.83,1.0020653249215585,-0.8826803665895611,-1.6386841640081418,0.0
2020-04-01,SPY,False,76.0,78.0,True,247.97999572753903,257.6600036621094,243.8999938964844,246.1499938964844,-0.0450048733405067,242.44,245.81,238.43,240.61,0.5486858696673232,-240.2499723465612,0.8120527172672531,0.0
2020-04-06,SPY,False,76.0,78.0,True,257.8399963378906,267.0,248.1699981689453,264.8599853515625,0.0671662143767928,252.07,261.03,250.99,259.04,0.5451711557445601,-3.943980956717663,340.8600451712696,0.0
2020-04-08,SPY,False,76.0,78.0,True,267.9599914550781,276.0,265.25,274.0299987792969,0.0335684144856338,261.96,269.82,259.64,267.95,0.9684644002736521,-2.0858489943931247,10.610302160716234,0.0
2020-04-21,SPY,False,77.0,78.0,True,276.7300109863281,278.0400085449219,272.0199890136719,273.0400085449219,-0.0303632511955761,270.55,271.82,265.93,266.91,1.0008726874938332,0.818798833441825,0.6437867956177179,0.0
2020-05-18,SPY,False,77.0,78.0,True,293.04998779296875,296.75,292.70001220703125,295.0,0.0304596942080668,286.51,290.11,286.16,288.4,0.9976314722088565,-0.02921151120549581,0.29810921361672627,0.0
2020-06-11,SPY,False,77.0,78.0,True,311.4599914550781,312.1499938964844,300.010009765625,300.6099853515625,-0.0576489487411834,304.5,305.17,293.31,293.9,0.9992413244683488,-0.4070133521649755,-0.11648320092372266,0.0
2020-09-03,SPY,False,74.0,78.0,True,355.8699951171875,356.3800048828125,342.5899963378906,345.3900146484375,-0.0344143056709456,349.44,349.94,336.4,339.17,0.9998767627819894,-0.6307863959043036,-0.6065712314418104,0.0
2020-10-28,SPY,False,75.0,78.0,True,332.1000061035156,338.25,326.1300048828125,326.6600036621094,-0.0341789294449512,327.42,328.14,321.53,322.06,0.5531694517743353,-160.3297947507487,-0.23215419082789346,0.0
